Don't have 6-MP on you? What would it be like to ask someone you trust to bring it to you?
The most important thing is to take 6-MP every day, even if it is not exactly at the same time.
Ever had a moment where you can't remember whether or not you took your 6-MP? Pill boxes are a lifesaver!
Sorry to nag while you are out and about, but here's a reminder that 6-MP only takes a minute and then, your time is yours.
Create a medication ritual around something else you know will get done, like committing right now to take 6-MP after you brush your teeth.
Pick an object (like a bracelet or watch you wear every day) and associate it with 6-MP. When you look down at it, it can be a private reminder to take 6-MP.