If you are feeling nauseous and nothing seems to help, contact your oncology team for more help.
Here are some strategies for managing nausea: Eat bland food. Be stationary. Take small sips of water. Lay down and close your eyes.
Would you take Tylenol for a headache? You can always ask your doctor for medication suggestions to help with your nausea.
Nausea sucks, we know! Don't let that feeling ruin your entire day or prevent you from taking the meds you need to put cancer behind you.
Managing your anxiety while your feeling nauseous is one way to turn down the intensity.
Does taking pills trigger a gag reflex? Before you swallow the pill, coat it with something yummy and smooth, like chocolate syrup. 
If you are feeling nauseous, it can be hard to take medication. Try listening to music or watching your favorite show while you take 6-MP to distract you from that feeling.
The More You Know: Peppermint can help treat nausea. We are a big fan of diffusers!
When chemo causes side effects, like nausea, it can be helpful to imagine these effects as signs that the chemo is working in your body, as it should be
Sometimes, feeling nauseous may make you want to skip your 6-MP. No shame in feeling that way, let your doctor know so they can help. 
Peppermint, sour candies, and ginger all can help to relieve nausea.
To limit the "gag reflex" with pills, try placing them in the far back of your throat to avoid your tongue. 